{
  "EXACTA": {
    "bet_type": "EXACTA",
    "n_train": 938524,
    "n_test": 234632,
    "r2_train": 0.9015115106342392,
    "r2_test": 0.9017,
    "rmse_log": 0.3178,
    "median_factor_error": 1.171,
    "ridge_alpha": null,
    "coefficients": {
      "const": 0.20789795796663046,
      "log_odds_1": 1.059083173820242,
      "log_odds_2": 0.7393764844084673,
      "log_pool": 0.018711359020942404,
      "field_size": 0.01536067769263444,
      "hhi": -1.3466994790140985,
      "fav_in_combo": -0.04898451586193047,
      "fav_won": -0.02828152248162689,
      "fav_second": -0.020702993380287932,
      "fav_third": 0.0,
      "fav_fourth": 0.0,
      "surface_T": 0.0,
      "surface_S": 0.0,
      "log_odds1_x_fav_second": 0.06868827441317964,
      "log_odds1_x_fav_third": 0.0
    },
    "p_values": {
      "const": 0.0,
      "log_odds_1": 0.0,
      "log_odds_2": 0.0,
      "log_pool": 0.0,
      "field_size": 0.0,
      "hhi": 0.0,
      "fav_in_combo": 0.0,
      "fav_won": 5.5004635046221304e-244,
      "fav_second": 3.5965278455643616e-35,
      "fav_third": NaN,
      "fav_fourth": NaN,
      "surface_T": NaN,
      "surface_S": NaN,
      "log_odds1_x_fav_second": 0.0,
      "log_odds1_x_fav_third": NaN
    }
  },
  "TRIFECTA": {
    "bet_type": "TRIFECTA",
    "n_train": 911949,
    "n_test": 227988,
    "r2_train": 0.8824009347079805,
    "r2_test": 0.8822,
    "rmse_log": 0.4403,
    "median_factor_error": 1.271,
    "ridge_alpha": null,
    "coefficients": {
      "const": 0.05142398063497899,
      "log_odds_1": 1.229485356198168,
      "log_odds_2": 0.8985934182031559,
      "log_odds_3": 0.6245813695829554,
      "log_pool": 0.026744988470036177,
      "field_size": 0.036404200977347534,
      "hhi": -2.9062562013711055,
      "fav_in_combo": -0.04404069204433456,
      "fav_won": -0.06131133929862772,
      "fav_second": -0.0592656156159552,
      "fav_third": 0.07653626287024438,
      "fav_fourth": -4.870816085006927e-16,
      "surface_T": 0.0,
      "surface_S": 0.0,
      "log_odds1_x_fav_second": 0.09233875776708848,
      "log_odds1_x_fav_third": 0.021250515186584627
    },
    "p_values": {
      "const": 1.028057875162367e-18,
      "log_odds_1": 0.0,
      "log_odds_2": 0.0,
      "log_odds_3": 0.0,
      "log_pool": 0.0,
      "field_size": 0.0,
      "hhi": 0.0,
      "fav_in_combo": 1.7182327820980448e-92,
      "fav_won": 0.0,
      "fav_second": 5.51330845174045e-101,
      "fav_third": 1.8460851873648766e-124,
      "fav_fourth": 0.0,
      "surface_T": NaN,
      "surface_S": NaN,
      "log_odds1_x_fav_second": 0.0,
      "log_odds1_x_fav_third": 1.9877846218410128e-19
    }
  },
  "DAILY_DOUBLE": {
    "bet_type": "DAILY_DOUBLE",
    "n_train": 386410,
    "n_test": 96603,
    "r2_train": 0.8337588815436059,
    "r2_test": 0.8372,
    "rmse_log": 0.4301,
    "median_factor_error": 1.23,
    "ridge_alpha": null,
    "coefficients": {
      "const": 0.2631886857997187,
      "log_odds_leg1": 0.9358323759055467,
      "log_odds_leg2": 0.8365051045758033,
      "log_pool": 0.013926741389389014,
      "avg_hhi": -0.388816946969456,
      "avg_field_size": 0.018814385794928206,
      "bad_fav_legs": 0.050587046353884654
    },
    "p_values": {
      "const": 6.342594678603452e-186,
      "log_odds_leg1": 0.0,
      "log_odds_leg2": 0.0,
      "log_pool": 4.609543643434526e-175,
      "avg_hhi": 5.1405768364524805e-98,
      "avg_field_size": 2.381361936549723e-228,
      "bad_fav_legs": 2.9738405193240807e-271
    }
  },
  "PICK_3": {
    "bet_type": "PICK_3",
    "n_train": 487151,
    "n_test": 121788,
    "r2_train": 0.6720381634336529,
    "r2_test": 0.6762,
    "rmse_log": 0.7426,
    "median_factor_error": 1.413,
    "ridge_alpha": null,
    "coefficients": {
      "const": 0.10571993660443599,
      "log_odds_leg1": 0.788368406925977,
      "log_odds_leg2": 0.7469693447393895,
      "log_odds_leg3": 0.7238015500326807,
      "log_pool": 0.13608294005414326,
      "avg_hhi": -0.8134504668180306,
      "avg_field_size": 0.011210752484633435,
      "bad_fav_legs": 0.08767718900762117
    },
    "p_values": {
      "const": 4.089035725358893e-11,
      "log_odds_leg1": 0.0,
      "log_odds_leg2": 0.0,
      "log_odds_leg3": 0.0,
      "log_pool": 0.0,
      "avg_hhi": 6.984191033901517e-119,
      "avg_field_size": 1.7439902495406924e-28,
      "bad_fav_legs": 0.0
    }
  },
  "PICK_4": {
    "bet_type": "PICK_4",
    "n_train": 110157,
    "n_test": 27540,
    "r2_train": 0.5609183689494195,
    "r2_test": 0.5556,
    "rmse_log": 1.0286,
    "median_factor_error": 1.667,
    "ridge_alpha": null,
    "coefficients": {
      "const": 0.18043781084404248,
      "log_odds_leg1": 0.6401112373765911,
      "log_odds_leg2": 0.6324497104643182,
      "log_odds_leg3": 0.6398557729285527,
      "log_odds_leg4": 0.6196524819123864,
      "log_pool": 0.25314260526460136,
      "avg_hhi": -1.3746805655126413,
      "avg_field_size": -0.02087443084025178,
      "bad_fav_legs": 0.12242669760691469
    },
    "p_values": {
      "const": 0.00037283234424654004,
      "log_odds_leg1": 0.0,
      "log_odds_leg2": 0.0,
      "log_odds_leg3": 0.0,
      "log_odds_leg4": 0.0,
      "log_pool": 0.0,
      "avg_hhi": 1.542214118477357e-35,
      "avg_field_size": 6.242289362945432e-11,
      "bad_fav_legs": 3.6751528134621333e-163
    }
  },
  "PICK_5": {
    "bet_type": "PICK_5",
    "n_train": 16308,
    "n_test": 4078,
    "r2_train": 0.3849099543612564,
    "r2_test": 0.3707,
    "rmse_log": 1.4681,
    "median_factor_error": 2.45,
    "ridge_alpha": 1.3894954943731375,
    "coefficients": {
      "log_odds_leg1": 0.41369339496184626,
      "log_odds_leg2": 0.4215869713773607,
      "log_odds_leg3": 0.43272040158145664,
      "log_odds_leg4": 0.4148658962846221,
      "log_odds_leg5": 0.37514783821010783,
      "log_pool": 0.4480573303022173,
      "avg_hhi": -1.3322129991091909,
      "avg_field_size": -0.021012596931423135,
      "bad_fav_legs": 0.11719121847521516,
      "const": -0.04626974823997809
    },
    "p_values": {}
  },
  "PICK_6": {
    "bet_type": "PICK_6",
    "n_train": 16212,
    "n_test": 4053,
    "r2_train": 0.2742133337538045,
    "r2_test": 0.271,
    "rmse_log": 2.3262,
    "median_factor_error": 3.148,
    "ridge_alpha": 19.306977288832496,
    "coefficients": {
      "log_odds_leg1": 0.7748251175883499,
      "log_odds_leg2": 0.7384328554530923,
      "log_odds_leg3": 0.7773569615036462,
      "log_odds_leg4": 0.6888859577015173,
      "log_odds_leg5": 0.7599951946136458,
      "log_odds_leg6": 0.7814183891182452,
      "log_pool": 0.08938186771112752,
      "avg_hhi": 0.21157706793192688,
      "avg_field_size": 0.11649418401600242,
      "bad_fav_legs": 0.08571306508693072,
      "const": -0.7847036820202113
    },
    "p_values": {}
  }
}