{
  "EXACTA": {
    "bet_type": "EXACTA",
    "n_train": 943997,
    "n_test": 236000,
    "r2_train": 0.9002253720833627,
    "r2_test": 0.9008,
    "rmse_log": 0.3163,
    "median_factor_error": 1.171,
    "ridge_alpha": null,
    "coefficients": {
      "const": 0.25687390327953447,
      "log_odds_1": 1.0415820594191678,
      "log_odds_2": 0.7335658584684861,
      "log_pool": 0.019186041780779546,
      "field_size": 0.014781425927726823,
      "hhi": -1.3896046950712586,
      "fav_in_combo": -0.06489274036414466,
      "fav_won": -0.025619637344981395,
      "fav_second": -0.03927310301916632,
      "fav_third": 0.0,
      "fav_fourth": 0.0,
      "surface_T": 0.0,
      "surface_S": 0.0,
      "log_odds1_x_fav_second": 0.08626683907282738,
      "log_odds1_x_fav_third": 0.0
    },
    "p_values": {
      "const": 0.0,
      "log_odds_1": 0.0,
      "log_odds_2": 0.0,
      "log_pool": 0.0,
      "field_size": 0.0,
      "hhi": 0.0,
      "fav_in_combo": 0.0,
      "fav_won": 3.292775818803738e-201,
      "fav_second": 3.118388386958324e-122,
      "fav_third": NaN,
      "fav_fourth": NaN,
      "surface_T": NaN,
      "surface_S": NaN,
      "log_odds1_x_fav_second": 0.0,
      "log_odds1_x_fav_third": NaN
    }
  },
  "TRIFECTA": {
    "bet_type": "TRIFECTA",
    "n_train": 917372,
    "n_test": 229344,
    "r2_train": 0.8815087660440697,
    "r2_test": 0.8808,
    "rmse_log": 0.439,
    "median_factor_error": 1.272,
    "ridge_alpha": null,
    "coefficients": {
      "const": 0.13249681010640182,
      "log_odds_1": 1.2049518649780986,
      "log_odds_2": 0.8906780803602168,
      "log_odds_3": 0.620495102709349,
      "log_pool": 0.027114742616790852,
      "field_size": 0.03543862213727818,
      "hhi": -2.965191403497433,
      "fav_in_combo": -0.06948551073930377,
      "fav_won": -0.054435545740221705,
      "fav_second": -0.08220159373006454,
      "fav_third": 0.06715162873094109,
      "fav_fourth": 1.5894399837862072e-16,
      "surface_T": 0.0,
      "surface_S": 0.0,
      "log_odds1_x_fav_second": 0.11618895622992406,
      "log_odds1_x_fav_third": 0.04069677995671106
    },
    "p_values": {
      "const": 8.300640306967202e-116,
      "log_odds_1": 0.0,
      "log_odds_2": 0.0,
      "log_odds_3": 0.0,
      "log_pool": 0.0,
      "field_size": 0.0,
      "hhi": 0.0,
      "fav_in_combo": 1.3513782977998226e-229,
      "fav_won": 0.0,
      "fav_second": 2.5712363905986978e-194,
      "fav_third": 3.502309644726529e-97,
      "fav_fourth": 0.0,
      "surface_T": NaN,
      "surface_S": NaN,
      "log_odds1_x_fav_second": 0.0,
      "log_odds1_x_fav_third": 1.733973591224414e-67
    }
  },
  "SUPERFECTA": {
    "bet_type": "SUPERFECTA",
    "n_train": 595128,
    "n_test": 148782,
    "r2_train": 0.7846707260926611,
    "r2_test": 0.7865,
    "rmse_log": 0.6904,
    "median_factor_error": 1.419,
    "ridge_alpha": 0.001,
    "coefficients": {
      "log_odds_1": 1.1341440550816804,
      "log_odds_2": 0.9586809970177955,
      "log_odds_3": 0.6972899100412835,
      "log_odds_4": 0.4455525147918557,
      "log_pool": 0.10931048931149737,
      "field_size": 0.07733523964202041,
      "hhi": -4.996657214974428,
      "fav_in_combo": -0.09831548325129066,
      "fav_won": -0.06950989230214821,
      "fav_second": -0.263883245514626,
      "fav_third": 0.040941886204150055,
      "fav_fourth": 0.19413573099767514,
      "surface_T": 0.0,
      "surface_S": 0.0,
      "log_odds1_x_fav_second": 0.26610095356080343,
      "log_odds1_x_fav_third": 0.14150320104897288,
      "const": -0.2578516198981502
    },
    "p_values": {}
  },
  "DAILY_DOUBLE": {
    "bet_type": "DAILY_DOUBLE",
    "n_train": 386410,
    "n_test": 96603,
    "r2_train": 0.8350061637389693,
    "r2_test": 0.8381,
    "rmse_log": 0.4257,
    "median_factor_error": 1.23,
    "ridge_alpha": null,
    "coefficients": {
      "const": 0.2931738239377615,
      "log_odds_leg1": 0.9248130341327748,
      "log_odds_leg2": 0.828187597433995,
      "log_pool": 0.014249518207627935,
      "avg_hhi": -0.43595969573321486,
      "avg_field_size": 0.018277945163502625,
      "bad_fav_legs": 0.05690758773378272
    },
    "p_values": {
      "const": 2.8501920792368014e-235,
      "log_odds_leg1": 0.0,
      "log_odds_leg2": 0.0,
      "log_pool": 3.0326808297160415e-187,
      "avg_hhi": 2.008610866791696e-125,
      "avg_field_size": 1.86038806407758e-220,
      "bad_fav_legs": 0.0
    }
  },
  "PICK_3": {
    "bet_type": "PICK_3",
    "n_train": 487151,
    "n_test": 121788,
    "r2_train": 0.6735362310835922,
    "r2_test": 0.6782,
    "rmse_log": 0.7344,
    "median_factor_error": 1.414,
    "ridge_alpha": null,
    "coefficients": {
      "const": 0.14858630472165038,
      "log_odds_leg1": 0.7800327198112028,
      "log_odds_leg2": 0.7393554598128709,
      "log_odds_leg3": 0.7165671981629665,
      "log_pool": 0.1352592517850741,
      "avg_hhi": -0.8561978264617173,
      "avg_field_size": 0.010867784823327472,
      "bad_fav_legs": 0.09188376949583557
    },
    "p_values": {
      "const": 7.22899054311866e-21,
      "log_odds_leg1": 0.0,
      "log_odds_leg2": 0.0,
      "log_odds_leg3": 0.0,
      "log_pool": 0.0,
      "avg_hhi": 4.233391673938249e-134,
      "avg_field_size": 2.229415715132483e-27,
      "bad_fav_legs": 0.0
    }
  },
  "PICK_4": {
    "bet_type": "PICK_4",
    "n_train": 110157,
    "n_test": 27540,
    "r2_train": 0.5615392722018767,
    "r2_test": 0.5554,
    "rmse_log": 1.0217,
    "median_factor_error": 1.668,
    "ridge_alpha": null,
    "coefficients": {
      "const": 0.2209076732097902,
      "log_odds_leg1": 0.6340243625074272,
      "log_odds_leg2": 0.6268591832194493,
      "log_odds_leg3": 0.6338125854174937,
      "log_odds_leg4": 0.613813265490276,
      "log_pool": 0.2515225267910167,
      "avg_hhi": -1.3854666338821564,
      "avg_field_size": -0.020613621879203514,
      "bad_fav_legs": 0.1251147320302971
    },
    "p_values": {
      "const": 1.1336280952272145e-05,
      "log_odds_leg1": 0.0,
      "log_odds_leg2": 0.0,
      "log_odds_leg3": 0.0,
      "log_odds_leg4": 0.0,
      "log_pool": 0.0,
      "avg_hhi": 1.3454973100297988e-36,
      "avg_field_size": 7.744983198422587e-11,
      "bad_fav_legs": 7.347166147970124e-173
    }
  },
  "PICK_5": {
    "bet_type": "PICK_5",
    "n_train": 16308,
    "n_test": 4078,
    "r2_train": 0.384051691830822,
    "r2_test": 0.3651,
    "rmse_log": 1.4634,
    "median_factor_error": 2.455,
    "ridge_alpha": 1.9306977288832496,
    "coefficients": {
      "log_odds_leg1": 0.4120759684662573,
      "log_odds_leg2": 0.41807849108857564,
      "log_odds_leg3": 0.42747467857703997,
      "log_odds_leg4": 0.4116271654966141,
      "log_odds_leg5": 0.3629500884750514,
      "log_pool": 0.44690958020804017,
      "avg_hhi": -1.3698206214766135,
      "avg_field_size": -0.019176533226515784,
      "bad_fav_legs": 0.12018868438614795,
      "const": -0.017145841944997464
    },
    "p_values": {}
  },
  "PICK_6": {
    "bet_type": "PICK_6",
    "n_train": 16212,
    "n_test": 4053,
    "r2_train": 0.27453182331550485,
    "r2_test": 0.2715,
    "rmse_log": 2.3191,
    "median_factor_error": 3.163,
    "ridge_alpha": 19.306977288832496,
    "coefficients": {
      "log_odds_leg1": 0.7724662486831887,
      "log_odds_leg2": 0.7357914956244352,
      "log_odds_leg3": 0.7736248650733866,
      "log_odds_leg4": 0.6860749817436118,
      "log_odds_leg5": 0.7577720741486229,
      "log_odds_leg6": 0.7783842506687455,
      "log_pool": 0.08916504972595213,
      "avg_hhi": 0.20663335165761848,
      "avg_field_size": 0.11531657126664359,
      "bad_fav_legs": 0.08618492509803578,
      "const": -0.7549151171007855
    },
    "p_values": {}
  }
}